text,label
"Terrible experience, not worth it. #review",Negative
Absolutely fantastic service. #review,Positive
"It’s okay, nothing special. #opinion",Neutral
"Not bad, not great either. #thought",Neutral
"Not bad, not great either. #review",Neutral
I hate this product. #comment,Negative
Highly recommend to everyone! #comment,Positive
Would buy again! #thought,Positive
Shipping took forever. #review,Negative
Such a waste of money. #opinion,Negative
Decent for the price. #feedback,Neutral
Really enjoyed using it. #opinion,Positive
The team was so helpful and friendly. #thought,Positive
Okay product for beginners. #review,Neutral
Superb quality and design. #comment,Positive
Would buy again! #opinion,Positive
Would buy again! #comment,Positive
Amazing experience overall. #thought,Positive
Exceeded my expectations. #thought,Positive
"It’s okay, nothing special. #opinion",Neutral
Service was fine but not exceptional. #feedback,Neutral
Would buy again! #comment,Positive
Exceeded my expectations. #opinion,Positive
"Not bad, not great either. #comment",Neutral
Very poor customer support. #review,Negative
Really disappointed. #review,Negative
Would buy again! #thought,Positive
Decent for the price. #thought,Neutral
Completely useless and buggy. #feedback,Negative
I hate this product. #opinion,Negative
Really disappointed. #thought,Negative
Shipping took forever. #comment,Negative
Service was fine but not exceptional. #thought,Neutral
Worst purchase I've made. #thought,Negative
Exceeded my expectations. #feedback,Positive
"Average quality, does the job. #comment",Neutral
Completely useless and buggy. #thought,Negative
Shipping took forever. #comment,Negative
Superb quality and design. #feedback,Positive
Okay product for beginners. #opinion,Neutral
Worst purchase I've made. #review,Negative
Service was fine but not exceptional. #review,Neutral
"It’s okay, nothing special. #feedback",Neutral
It works fine for now. #feedback,Neutral
Really enjoyed using it. #thought,Positive
Service was fine but not exceptional. #comment,Neutral
The team was so helpful and friendly. #review,Positive
The team was so helpful and friendly. #opinion,Positive
Really disappointed. #review,Negative
Very poor customer support. #thought,Negative
It works fine for now. #thought,Neutral
The quality is awful. #review,Negative
Superb quality and design. #thought,Positive
Neutral experience overall. #review,Neutral
I love this product! #comment,Positive
Really disappointed. #comment,Negative
Highly recommend to everyone! #thought,Positive
Absolutely fantastic service. #review,Positive
"Average quality, does the job. #opinion",Neutral
Highly recommend to everyone! #feedback,Positive
I hate this product. #thought,Negative
Completely useless and buggy. #feedback,Negative
Amazing experience overall. #feedback,Positive
Completely useless and buggy. #opinion,Negative
Shipping took forever. #review,Negative
Really enjoyed using it. #comment,Positive
Okay product for beginners. #feedback,Neutral
Absolutely fantastic service. #thought,Positive
It's acceptable. #comment,Neutral
Neutral experience overall. #comment,Neutral
"Terrible experience, not worth it. #feedback",Negative
"Terrible experience, not worth it. #review",Negative
Really disappointed. #feedback,Negative
Very poor customer support. #thought,Negative
I hate this product. #comment,Negative
Such a waste of money. #thought,Negative
Would not recommend at all. #comment,Negative
Would not recommend at all. #thought,Negative
Decent for the price. #feedback,Neutral
It's acceptable. #comment,Neutral
Such a waste of money. #comment,Negative
I hate this product. #opinion,Negative
Shipping took forever. #thought,Negative
Very poor customer support. #thought,Negative
Really disappointed. #review,Negative
Would buy again! #comment,Positive
Service was fine but not exceptional. #opinion,Neutral
Very satisfied with my purchase. #comment,Positive
Okay product for beginners. #thought,Neutral
I hate this product. #review,Negative
"Not bad, not great either. #thought",Neutral
"Average quality, does the job. #review",Neutral
Exceeded my expectations. #review,Positive
Worst purchase I've made. #thought,Negative
"Not bad, not great either. #comment",Neutral
I love this product! #review,Positive
The quality is awful. #feedback,Negative
Would buy again! #review,Positive
Neutral experience overall. #comment,Neutral
Service was fine but not exceptional. #review,Neutral
I hate this product. #review,Negative
"It’s okay, nothing special. #thought",Neutral
Very poor customer support. #review,Negative
Neutral experience overall. #opinion,Neutral
Neutral experience overall. #opinion,Neutral
Superb quality and design. #thought,Positive
Okay product for beginners. #comment,Neutral
Really enjoyed using it. #comment,Positive
Very poor customer support. #comment,Negative
Decent for the price. #feedback,Neutral
Superb quality and design. #comment,Positive
Very satisfied with my purchase. #comment,Positive
Really disappointed. #thought,Negative
It's acceptable. #thought,Neutral
"It’s okay, nothing special. #comment",Neutral
The quality is awful. #opinion,Negative
Very poor customer support. #comment,Negative
Such a waste of money. #thought,Negative
Exceeded my expectations. #comment,Positive
I love this product! #feedback,Positive
Exceeded my expectations. #comment,Positive
Completely useless and buggy. #comment,Negative
Really enjoyed using it. #feedback,Positive
"Average quality, does the job. #review",Neutral
I don't have strong feelings about it. #comment,Neutral
Really disappointed. #review,Negative
Very poor customer support. #feedback,Negative
"It’s okay, nothing special. #thought",Neutral
The quality is awful. #feedback,Negative
Very satisfied with my purchase. #thought,Positive
Amazing experience overall. #feedback,Positive
Exceeded my expectations. #review,Positive
It works fine for now. #thought,Neutral
Worst purchase I've made. #review,Negative
Would buy again! #feedback,Positive
Decent for the price. #opinion,Neutral
Really disappointed. #thought,Negative
"Terrible experience, not worth it. #opinion",Negative
I don't have strong feelings about it. #thought,Neutral
Absolutely fantastic service. #comment,Positive
The quality is awful. #feedback,Negative
"Average quality, does the job. #opinion",Neutral
It's acceptable. #thought,Neutral
Completely useless and buggy. #review,Negative
Worst purchase I've made. #comment,Negative
"Average quality, does the job. #review",Neutral
Service was fine but not exceptional. #comment,Neutral
The team was so helpful and friendly. #review,Positive
"Not bad, not great either. #comment",Neutral
Very poor customer support. #review,Negative
Okay product for beginners. #comment,Neutral
Highly recommend to everyone! #opinion,Positive
It's acceptable. #feedback,Neutral
Okay product for beginners. #thought,Neutral
Superb quality and design. #comment,Positive
Decent for the price. #opinion,Neutral
Neutral experience overall. #comment,Neutral
Decent for the price. #feedback,Neutral
"Not bad, not great either. #review",Neutral
Decent for the price. #feedback,Neutral
Exceeded my expectations. #opinion,Positive
Highly recommend to everyone! #thought,Positive
Okay product for beginners. #feedback,Neutral
Would not recommend at all. #thought,Negative
The team was so helpful and friendly. #comment,Positive
Absolutely fantastic service. #opinion,Positive
"Average quality, does the job. #thought",Neutral
Would not recommend at all. #feedback,Negative
"Not bad, not great either. #thought",Neutral
Would not recommend at all. #comment,Negative
Neutral experience overall. #comment,Neutral
Very satisfied with my purchase. #review,Positive
I hate this product. #thought,Negative
Exceeded my expectations. #thought,Positive
Highly recommend to everyone! #feedback,Positive
Would buy again! #comment,Positive
"It’s okay, nothing special. #opinion",Neutral
Service was fine but not exceptional. #comment,Neutral
Really enjoyed using it. #feedback,Positive
Highly recommend to everyone! #opinion,Positive
Completely useless and buggy. #review,Negative
"It’s okay, nothing special. #review",Neutral
Would buy again! #review,Positive
Amazing experience overall. #thought,Positive
Worst purchase I've made. #feedback,Negative
Highly recommend to everyone! #comment,Positive
Very satisfied with my purchase. #comment,Positive
Really disappointed. #opinion,Negative
Decent for the price. #review,Neutral
Neutral experience overall. #comment,Neutral
Exceeded my expectations. #review,Positive
Worst purchase I've made. #comment,Negative
Shipping took forever. #feedback,Negative
Such a waste of money. #opinion,Negative
"Average quality, does the job. #thought",Neutral
Very satisfied with my purchase. #comment,Positive
Neutral experience overall. #review,Neutral
Shipping took forever. #comment,Negative
Neutral experience overall. #thought,Neutral
"Terrible experience, not worth it. #thought",Negative
"Average quality, does the job. #comment",Neutral
Such a waste of money. #feedback,Negative
Such a waste of money. #feedback,Negative
Completely useless and buggy. #comment,Negative
Shipping took forever. #feedback,Negative
Superb quality and design. #review,Positive
Okay product for beginners. #review,Neutral
Worst purchase I've made. #feedback,Negative
Very satisfied with my purchase. #opinion,Positive
Absolutely fantastic service. #review,Positive
Such a waste of money. #comment,Negative
"It’s okay, nothing special. #feedback",Neutral
Completely useless and buggy. #feedback,Negative
Worst purchase I've made. #comment,Negative
Worst purchase I've made. #comment,Negative
The team was so helpful and friendly. #review,Positive
Superb quality and design. #opinion,Positive
Very satisfied with my purchase. #review,Positive
Worst purchase I've made. #thought,Negative
Highly recommend to everyone! #feedback,Positive
Neutral experience overall. #feedback,Neutral
It's acceptable. #feedback,Neutral
Neutral experience overall. #feedback,Neutral
"Terrible experience, not worth it. #comment",Negative
Superb quality and design. #review,Positive
Completely useless and buggy. #thought,Negative
Absolutely fantastic service. #feedback,Positive
The quality is awful. #opinion,Negative
Completely useless and buggy. #review,Negative
Okay product for beginners. #review,Neutral
Completely useless and buggy. #comment,Negative
Amazing experience overall. #opinion,Positive
Highly recommend to everyone! #feedback,Positive
"Average quality, does the job. #review",Neutral
The quality is awful. #comment,Negative
"Average quality, does the job. #comment",Neutral
Neutral experience overall. #opinion,Neutral
Such a waste of money. #feedback,Negative
Superb quality and design. #thought,Positive
Decent for the price. #thought,Neutral
"It’s okay, nothing special. #opinion",Neutral
Amazing experience overall. #review,Positive
Exceeded my expectations. #thought,Positive
Neutral experience overall. #opinion,Neutral
Completely useless and buggy. #feedback,Negative
I love this product! #review,Positive
Very poor customer support. #feedback,Negative
Would buy again! #thought,Positive
Superb quality and design. #review,Positive
Really disappointed. #feedback,Negative
Would buy again! #review,Positive
"Average quality, does the job. #thought",Neutral
I love this product! #review,Positive
Highly recommend to everyone! #comment,Positive
"It’s okay, nothing special. #opinion",Neutral
Very poor customer support. #review,Negative
Decent for the price. #comment,Neutral
Very poor customer support. #comment,Negative
Very satisfied with my purchase. #comment,Positive
Superb quality and design. #review,Positive
Highly recommend to everyone! #review,Positive
I hate this product. #comment,Negative
It works fine for now. #review,Neutral
I love this product! #opinion,Positive
"Terrible experience, not worth it. #opinion",Negative
Shipping took forever. #opinion,Negative
"It’s okay, nothing special. #opinion",Neutral
Absolutely fantastic service. #opinion,Positive
Okay product for beginners. #opinion,Neutral
Completely useless and buggy. #thought,Negative
I hate this product. #review,Negative
Such a waste of money. #opinion,Negative
"Terrible experience, not worth it. #thought",Negative
Very poor customer support. #feedback,Negative
Would buy again! #opinion,Positive
It's acceptable. #review,Neutral
Worst purchase I've made. #review,Negative
The team was so helpful and friendly. #comment,Positive
It works fine for now. #comment,Neutral
Neutral experience overall. #thought,Neutral
I don't have strong feelings about it. #opinion,Neutral
Very poor customer support. #comment,Negative
Very satisfied with my purchase. #review,Positive
Okay product for beginners. #review,Neutral
I hate this product. #feedback,Negative
Exceeded my expectations. #opinion,Positive
Completely useless and buggy. #opinion,Negative
Would not recommend at all. #thought,Negative
I love this product! #feedback,Positive
Very poor customer support. #comment,Negative
Would buy again! #opinion,Positive
Okay product for beginners. #review,Neutral
"It’s okay, nothing special. #review",Neutral
Amazing experience overall. #comment,Positive
Amazing experience overall. #review,Positive
"It’s okay, nothing special. #thought",Neutral
"Terrible experience, not worth it. #feedback",Negative
Okay product for beginners. #opinion,Neutral
The quality is awful. #feedback,Negative
Exceeded my expectations. #review,Positive
It's acceptable. #review,Neutral
Shipping took forever. #thought,Negative
I hate this product. #thought,Negative
It's acceptable. #feedback,Neutral
Would buy again! #comment,Positive
"Not bad, not great either. #feedback",Neutral
Highly recommend to everyone! #review,Positive
Very poor customer support. #comment,Negative
Very poor customer support. #comment,Negative
It works fine for now. #opinion,Neutral
Okay product for beginners. #opinion,Neutral
"Not bad, not great either. #review",Neutral
Worst purchase I've made. #comment,Negative
I love this product! #review,Positive
The team was so helpful and friendly. #thought,Positive
"Terrible experience, not worth it. #thought",Negative
Superb quality and design. #opinion,Positive
Service was fine but not exceptional. #comment,Neutral
Completely useless and buggy. #comment,Negative
It's acceptable. #comment,Neutral
Shipping took forever. #feedback,Negative
Neutral experience overall. #feedback,Neutral
Service was fine but not exceptional. #thought,Neutral
Really enjoyed using it. #review,Positive
I don't have strong feelings about it. #thought,Neutral
Neutral experience overall. #thought,Neutral
Completely useless and buggy. #feedback,Negative
Really disappointed. #comment,Negative
Absolutely fantastic service. #opinion,Positive
Very poor customer support. #opinion,Negative
I love this product! #review,Positive
I don't have strong feelings about it. #thought,Neutral
Neutral experience overall. #opinion,Neutral
"Average quality, does the job. #feedback",Neutral
"Average quality, does the job. #comment",Neutral
Service was fine but not exceptional. #thought,Neutral
I love this product! #review,Positive
Service was fine but not exceptional. #feedback,Neutral
Completely useless and buggy. #thought,Negative
Shipping took forever. #comment,Negative
Absolutely fantastic service. #feedback,Positive
Highly recommend to everyone! #thought,Positive
Okay product for beginners. #opinion,Neutral
It's acceptable. #opinion,Neutral
"It’s okay, nothing special. #feedback",Neutral
Highly recommend to everyone! #feedback,Positive
Amazing experience overall. #review,Positive
It works fine for now. #review,Neutral
The quality is awful. #opinion,Negative
Shipping took forever. #feedback,Negative
Shipping took forever. #thought,Negative
It works fine for now. #thought,Neutral
Such a waste of money. #opinion,Negative
"Terrible experience, not worth it. #feedback",Negative
Would not recommend at all. #opinion,Negative
"It’s okay, nothing special. #opinion",Neutral
It's acceptable. #opinion,Neutral
Would buy again! #review,Positive
Worst purchase I've made. #thought,Negative
Would not recommend at all. #review,Negative
"Not bad, not great either. #thought",Neutral
Very satisfied with my purchase. #comment,Positive
The team was so helpful and friendly. #opinion,Positive
Very satisfied with my purchase. #review,Positive
Would not recommend at all. #review,Negative
I love this product! #comment,Positive
"Terrible experience, not worth it. #review",Negative
The quality is awful. #thought,Negative
Completely useless and buggy. #feedback,Negative
Really disappointed. #comment,Negative
Shipping took forever. #review,Negative
I love this product! #thought,Positive
Very poor customer support. #thought,Negative
Service was fine but not exceptional. #opinion,Neutral
Exceeded my expectations. #feedback,Positive
Neutral experience overall. #review,Neutral
Service was fine but not exceptional. #feedback,Neutral
Amazing experience overall. #comment,Positive
Worst purchase I've made. #feedback,Negative
Neutral experience overall. #opinion,Neutral
Would buy again! #opinion,Positive
The team was so helpful and friendly. #opinion,Positive
Neutral experience overall. #review,Neutral
I hate this product. #comment,Negative
Decent for the price. #thought,Neutral
Absolutely fantastic service. #opinion,Positive
The quality is awful. #thought,Negative
Absolutely fantastic service. #feedback,Positive
Shipping took forever. #review,Negative
The quality is awful. #review,Negative
"It’s okay, nothing special. #review",Neutral
Highly recommend to everyone! #review,Positive
"It’s okay, nothing special. #thought",Neutral
Would not recommend at all. #opinion,Negative
Service was fine but not exceptional. #thought,Neutral
Amazing experience overall. #feedback,Positive
Superb quality and design. #review,Positive
"Not bad, not great either. #feedback",Neutral
Really disappointed. #feedback,Negative
I don't have strong feelings about it. #thought,Neutral
Amazing experience overall. #review,Positive
Service was fine but not exceptional. #feedback,Neutral
Would buy again! #review,Positive
Okay product for beginners. #comment,Neutral
Would buy again! #feedback,Positive
Very poor customer support. #review,Negative
Completely useless and buggy. #thought,Negative
The team was so helpful and friendly. #thought,Positive
Really enjoyed using it. #comment,Positive
It's acceptable. #thought,Neutral
I love this product! #thought,Positive
Very poor customer support. #opinion,Negative
I don't have strong feelings about it. #opinion,Neutral
"Not bad, not great either. #opinion",Neutral
Really enjoyed using it. #opinion,Positive
It works fine for now. #review,Neutral
Service was fine but not exceptional. #opinion,Neutral
It's acceptable. #comment,Neutral
Okay product for beginners. #review,Neutral
Really disappointed. #opinion,Negative
I love this product! #opinion,Positive
It works fine for now. #comment,Neutral
Worst purchase I've made. #thought,Negative
"Not bad, not great either. #review",Neutral
Completely useless and buggy. #opinion,Negative
I hate this product. #feedback,Negative
Such a waste of money. #thought,Negative
Would buy again! #feedback,Positive
Okay product for beginners. #comment,Neutral
Completely useless and buggy. #review,Negative
It's acceptable. #comment,Neutral
Absolutely fantastic service. #comment,Positive
Exceeded my expectations. #review,Positive
Highly recommend to everyone! #review,Positive
Completely useless and buggy. #comment,Negative
"Not bad, not great either. #thought",Neutral
The quality is awful. #comment,Negative
The quality is awful. #comment,Negative
I don't have strong feelings about it. #feedback,Neutral
Very poor customer support. #comment,Negative
"It’s okay, nothing special. #comment",Neutral
Highly recommend to everyone! #review,Positive
Really disappointed. #thought,Negative
Such a waste of money. #thought,Negative
Decent for the price. #thought,Neutral
"Terrible experience, not worth it. #comment",Negative
Completely useless and buggy. #comment,Negative
Service was fine but not exceptional. #comment,Neutral
Completely useless and buggy. #comment,Negative
"It’s okay, nothing special. #feedback",Neutral
Absolutely fantastic service. #comment,Positive
Very poor customer support. #opinion,Negative
"Not bad, not great either. #feedback",Neutral
Really enjoyed using it. #comment,Positive
I love this product! #opinion,Positive
Service was fine but not exceptional. #feedback,Neutral
Would not recommend at all. #review,Negative
Superb quality and design. #opinion,Positive
Exceeded my expectations. #opinion,Positive
"Not bad, not great either. #comment",Neutral
"Average quality, does the job. #feedback",Neutral
Shipping took forever. #feedback,Negative
Amazing experience overall. #thought,Positive
Superb quality and design. #opinion,Positive
"Terrible experience, not worth it. #opinion",Negative
"Not bad, not great either. #review",Neutral
Exceeded my expectations. #comment,Positive
Such a waste of money. #review,Negative
"It’s okay, nothing special. #opinion",Neutral
I hate this product. #opinion,Negative
The quality is awful. #feedback,Negative
Very satisfied with my purchase. #opinion,Positive
Would not recommend at all. #opinion,Negative
The team was so helpful and friendly. #review,Positive
Very satisfied with my purchase. #thought,Positive
"Not bad, not great either. #comment",Neutral
Very poor customer support. #review,Negative
Worst purchase I've made. #opinion,Negative
"It’s okay, nothing special. #thought",Neutral
Completely useless and buggy. #review,Negative
"Not bad, not great either. #comment",Neutral
Absolutely fantastic service. #feedback,Positive
Very satisfied with my purchase. #thought,Positive
Exceeded my expectations. #opinion,Positive
Neutral experience overall. #feedback,Neutral
Would not recommend at all. #comment,Negative
"Average quality, does the job. #thought",Neutral
Highly recommend to everyone! #opinion,Positive
"Not bad, not great either. #review",Neutral
I hate this product. #thought,Negative
Would buy again! #comment,Positive
Highly recommend to everyone! #feedback,Positive
"Not bad, not great either. #feedback",Neutral
Decent for the price. #comment,Neutral
Such a waste of money. #review,Negative
Would not recommend at all. #review,Negative
The quality is awful. #feedback,Negative
Neutral experience overall. #thought,Neutral
Really enjoyed using it. #feedback,Positive
"Not bad, not great either. #feedback",Neutral
